candidato,creado,fav,rt,texto
Cynthia_Viteri,01/22/2017,20.0,14.0,Este domingo juntos por la reactivacion de #Esmeraldas! Plan #MiCasa creditos empleo y turismo para un https://t.co/UZaptb3bAc
Cynthia_Viteri,01/22/2017,68.0,50.0,A toda familia trabajadora del sector publico yo le voy a garantizar su empleo. https://t.co/xjVm2dClzG
Cynthia_Viteri,01/21/2017,146.0,122.0,En #Azogues como en todo Ecuador jovenes podran estudiar lo que les apasionereactivaremos produccion y empleo co https://t.co/Q5rWdX1xxk
Cynthia_Viteri,01/21/2017,210.0,174.0,Un impuesto mas es menos plata en el bolsillo de la gente es quitarle la oportunidad a curarse es quitarle la opo https://t.co/XfwgMWSN9g
Cynthia_Viteri,01/21/2017,50.0,51.0,Les comparto mi entrevista en #EcuadorElige2017 transmitido por @tctelevision. #CambioPositivo: ttps://t.co/X0QMXCSaOL
Cynthia_Viteri,01/21/2017,114.0,57.0,Buenos dias! En la hermosa Santa Ana de los 4 rios de #Cuenca empezamos nuestro recorrido hacia Canar. https://t.co/6HRhBJAxHh
Cynthia_Viteri,01/20/2017,130.0,97.0,El #CambioPositivo consiste en propuestas humanas y claras tambien para tu aspiracion de vivienda. https://t.co/s8KKIdqW2k
Cynthia_Viteri,01/20/2017,51.0,32.0,#ENVIVO por @tctelevision #EcuadorElige2017 https://t.co/0dQPH0A59G
Cynthia_Viteri,01/20/2017,206.0,173.0,La honestidad  supera cualquier infamia. #YoApoyoANebot
Cynthia_Viteri,01/20/2017,42.0,31.0,Acompaname en breve por @tctelevision junto a @rociocedeno y @CLMoralesB #EcuadorElige2017
Cynthia_Viteri,01/20/2017,272.0,223.0,Su moral e integridad no le teme a la infamia inhumana y cruel. Usted es un gran lider que hace la paz y construye. #YoApoyoANebot
Cynthia_Viteri,01/19/2017,144.0,93.0,Guerreros de #Esmeraldas: ni terremotos ni lluvia nos detiene. Con #CambioPositivo tendras vivienda creditos ince https://t.co/eVWfOVtVnh
Cynthia_Viteri,01/19/2017,89.0,45.0,Celebramos cumpleanos de @MauricioPozoEC trabajando por el #CambioPositivo. Anunciamos el plan #MiEmpleo con el que https://t.co/7owf6EvD1P
Cynthia_Viteri,01/19/2017,119.0,67.0,#Esmeraldas dare atencion prioritaria a las provincias mas afectadas. Seremos un gobierno con alma y solidario. https://t.co/oaL2hxPHBp
Cynthia_Viteri,01/19/2017,75.0,44.0,Buenos dias! Desde #Esmeraldas  nuestra hermosa provincia Verde. En vivo desde #TelemarTv . https://t.co/F91nIeAS8m
Cynthia_Viteri,01/19/2017,75.0,55.0,Presentamos junto a @MauricioPozoEC una parte d nuestro equipo economico con quienes sacaremos al #Ecuador d la cr https://t.co/IRDvPST4fZ
Cynthia_Viteri,01/18/2017,276.0,118.0,Es un honor recorrer este camino junto a un hombre sabio e integro como tu @MauricioPozoEC. Feliz cumpleanos com https://t.co/6P4SZXARXc
Cynthia_Viteri,01/18/2017,61.0,57.0,En #Guayaquil presentando mi equipo economico. Tengan la certeza de que cada proyecto esta sustentado y con resulta https://t.co/rtDfU9DcfP
Cynthia_Viteri,01/18/2017,28.0,31.0,Tenemos un minimo de empleos que vamos a crear: 800 mil plazas. Es sencillo decirlo lo distinto esta en decir donde y como.
Cynthia_Viteri,01/18/2017,99.0,77.0,Plan Nacional #MiEmpleo es para cada una de las personas que ha perdido su trabajo o entra al mercado laboral y no encuentran una plaza.
Cynthia_Viteri,01/18/2017,41.0,24.0,#EnVivo anuncio importante junto a @MauricioPozoEC desde Guayaquil: https://t.co/q66zYwfkOn
Cynthia_Viteri,01/18/2017,36.0,25.0,Gracias a @eluniversocom por la entrevista. https://t.co/hytQ8K5c8D
Cynthia_Viteri,01/18/2017,53.0,22.0,Entrevista en el diario @eluniversocom  con Gisella Ronquillo. Expuse mi propuesta de como voy a generar empleo par https://t.co/OmX0Vgql5L
Cynthia_Viteri,01/18/2017,39.0,84.0,Los invito a seguir en vivo mi entrevista en @eluniversocom https://t.co/hytQ8K5c8D
Cynthia_Viteri,01/18/2017,137.0,118.0,En #Guayaquil el 19/02 #Rayatoditititito6! El #CambioPositivo de empleo progreso y bienestar lo logramos JUNTOS. https://t.co/Fq5hCrP81p
Cynthia_Viteri,01/18/2017,185.0,47.0,Ya estoy en casa despues de 4 dias...yo tambien los extrane! https://t.co/6TyGf8HMQI
Cynthia_Viteri,01/17/2017,55.0,43.0,Los invito a escuchar mi entrevista con @diegooquendo en @FmRadiovision https://t.co/lQtWYfa2XG
Cynthia_Viteri,01/17/2017,148.0,119.0,Que es para mi el #CambioPositivo? https://t.co/x0mk1lJXXm
Cynthia_Viteri,01/17/2017,47.0,50.0,Nunca mas nos convertiran en victimas y complices. Como madre voy a educar a nuestra sociedad en respeto igualdad y amor.
Cynthia_Viteri,01/17/2017,58.0,49.0,4 - Violencia psicologica sera tratada por especialistas. Cadena perpetua es para casos de femicidio. Lo demas es sujeto a rehabilitacion.
Cynthia_Viteri,01/17/2017,28.0,22.0,2 - Numero de telefono alternativo para este tipo de casos.  3 - Educacion para nuestros ninos.
Cynthia_Viteri,01/17/2017,29.0,51.0,He presentado un plan integral: 1. Asistencia inmediata a traves de BOToN ANTIPaNICO a disposicion de todos.
Cynthia_Viteri,01/17/2017,22.0,33.0,Para los que no tengan telefonos inteligentes habra un numero especial para casos de violencia intrafamiliar. #MujeresProtegidas!
Cynthia_Viteri,01/17/2017,97.0,83.0,Instalaremos una aplicacion en los telefonos celulares para que cualquier mujer o nino pueda oprimir el https://t.co/mCEKmlwSb3
Cynthia_Viteri,01/17/2017,39.0,27.0,#Quito Entrevista en #RadioMajestad  89.7 en vivo. acompaname! https://t.co/u0GESnFns2
Cynthia_Viteri,01/17/2017,68.0,37.0,Buenos dias! Empezamos el dia con entrevista en #RTU con Luis Valarezo. https://t.co/GYbrRLkzS4
Cynthia_Viteri,01/17/2017,99.0,95.0,Hoy pueblo de guerreros ya estamos en la segunda vuelta electoral en todas las encuestas. Por eso nuestro agradecimiento.
Cynthia_Viteri,01/17/2017,60.0,52.0,Vamos a cambiar la historia de este pais. Apenas pido de ustedes un solo dia. Un solo dia para que recuperes tu empleo.
Cynthia_Viteri,01/17/2017,50.0,69.0,Si no se hubieran robado tanto no estarian explotando el Yasuni tragandose a Zaruma o poniendo precio a la cabeza de nuestros indigenas.
Cynthia_Viteri,01/17/2017,27.0,30.0,Con lo que cuesta mantenimiento de vehiculos alimentamos a miles de ninos en escuelas fiscales.
Cynthia_Viteri,01/17/2017,32.0,29.0,Vendiendo aviones presidenciales se construirian miles de viviendas populares. Con lo que costo Refineria del Pacifico miles de guarderias.
Cynthia_Viteri,01/17/2017,35.0,41.0,Vamos a eliminar tabla de consumo de drogas que ha sometido a nuestros hijos en los hogares mas vulnerables.
Cynthia_Viteri,01/17/2017,32.0,42.0,Ley de Comunicacion sera derogada medios de comunicacion volveran a ser libres. Jovenes elegiran libremente carrera que quieran estudiar.
Cynthia_Viteri,01/17/2017,21.0,25.0,No solo decimos el minimo de empleos que vamos a generar sino tambien donde. De esa manera el Ecuador va a cambiar para bien.
Cynthia_Viteri,01/17/2017,22.0,26.0,Dos objetivos tiene nuestra propuesta: aliviar el bolsillo de las familias y generar empleo empleo y mas empleo.
Cynthia_Viteri,01/17/2017,21.0,25.0,Nuestro gobierno sera como los hogares responsables del pais: austero. Protegiendo a las familia en empleo salud vivienda y educacion.
Cynthia_Viteri,01/17/2017,226.0,230.0,Sabemos que la herencia que tenemos de esta decada robada se resume en: se lo gastaron todo nos endeudaron a todos y nos robaron a todos.
Cynthia_Viteri,01/16/2017,30.0,31.0,Cynthia+Mauricio #CambioPositivo #EnVivo desde #Quito #Ecuador : https://t.co/bDxV0hw6Re https://t.co/krh8MOgPXQ
Cynthia_Viteri,01/16/2017,105.0,124.0,Mi posicion sobre el concurso de frecuencias para medios de comunicacion: https://t.co/XJ8LYg4K4b
Cynthia_Viteri,01/16/2017,155.0,137.0,Todo aquel que le haya metido la mano en el bolsillo a la gente pobre va a ir a la carcel. Este donde este!
Cynthia_Viteri,01/16/2017,50.0,72.0,Mi programa de gobierno plantea que tasas de interes no respondan a decision administrativa del Bco. Central sino a situacion del pais. 6/6
Cynthia_Viteri,01/16/2017,39.0,60.0,Sera rentable para bancos dar microcreditos por la deduccion del impuesto: bajaran tasas de interes. 5/6
Cynthia_Viteri,01/16/2017,16.0,52.0,Estimulo de mercado para promover sectores deprimidos y generar empleos sin afectar responsabilidad de bancos con sus depositantes. 4/6
Cynthia_Viteri,01/16/2017,17.0,54.0,Entre mas credito en volumen coloquen bcos. privados a sectores deprimidos (agro y pequenos negocios) mayor descuento del I. a la R. 3/6
Cynthia_Viteri,01/16/2017,13.0,53.0,Para empleo y reactivacion al agro y pequenos empresarios: exonerar a los bancos 50% de I. a la R. por creditos a ellos. 2/6
Cynthia_Viteri,01/16/2017,50.0,73.0,Solo 7% de $20.000M que presta la banca corresponde a microcreditos y 8% al sector agricola. Ante eso 1/6
Cynthia_Viteri,01/16/2017,209.0,155.0,Vendere los medios de comunicacion incautados y el dinero pasara a los verdaderos duenos: EL PUEBLO ECUATORIANO. https://t.co/Tt9fcjtV2U
Cynthia_Viteri,01/16/2017,86.0,65.0,Enseguida detalles de incentivos a microcreditos al agro y pequenos negocios para generar empleo al reactivar la ec https://t.co/ckt7qh3Odo
Cynthia_Viteri,01/16/2017,15.0,13.0,#EnVivo Anuncio importante junto a @MauricioPozoEC : https://t.co/uND8XZAyCq
Cynthia_Viteri,01/16/2017,53.0,60.0,Les pido un solo dia para cambiar la historia de este pais el 19 de febrero y cuidar tu voto. Un solo dia!
Cynthia_Viteri,01/16/2017,44.0,51.0,Yo voy a proceder como Presidenta con este pais como hacemos los padres y madres responsables con los hijos.
Cynthia_Viteri,01/16/2017,34.0,40.0,Desde mayo que asuma la presidencia un prioridad sera  mejorar las relaciones con EEUU y el mundo.
Cynthia_Viteri,01/16/2017,31.0,32.0,La corrupcion tendra el mismo tratamiento a delitos de lesa humanidad.
Cynthia_Viteri,01/16/2017,25.0,21.0,Combatire la corrupcion: #VedaCivil a corruptos los perseguidos por este gobierno desde mayo colaboraran en todos los procesos.
Cynthia_Viteri,01/16/2017,23.0,31.0,Cada una de nuestras propuesta es viable y de reactivacion economica como las guarderias infantiles generara 50 mil empleos.
Cynthia_Viteri,01/16/2017,27.0,24.0,Son delegables alrededor de $4.000M de la obra publica (concesiones) al sector privado. Con esto libero recursos para atender lo urgente.
Cynthia_Viteri,01/16/2017,34.0,33.0,Se acabaron los lujos los aviones el espionaje los vehiculos para cada funcionario y los viajes de asambleistas.
Cynthia_Viteri,01/16/2017,32.0,35.0,La formula del desastre que sostiene este gobierno del Soc. del SXXI que hundio a Venezuela termina el 19 de febrero.
Cynthia_Viteri,01/16/2017,27.0,28.0,Aqui todos pagamos las hidroelectricas. Las familias tienen derecho a beneficiarse de ello los mas pobres tarifa 0 hasta 130 kwh.
Cynthia_Viteri,01/16/2017,70.0,53.0,Quienes estan acostumbrados al despilfarro llaman populismo a las propuestas que alivian la angustia de los ecuatorianos.
Cynthia_Viteri,01/16/2017,29.0,22.0,A los agricultores lo unico que les queda su tierra no se la quitaran. Deudas hasta $5.000 al BANDES seran condonados.
Cynthia_Viteri,01/16/2017,68.0,55.0,Son logicas de un Presidente como Rafael Correa mentiras que ahora repite Lenin Moreno: dijo que 14 M de ecuatorianos no pagan impuestos.
Cynthia_Viteri,01/16/2017,61.0,51.0,Yo voy a desarrollar un cambio de modelo para generar empleo bajando impuestos y energia para poder subir salarios.
Cynthia_Viteri,01/16/2017,100.0,72.0,Proponemos un cambio de modelo para ver desde el hogar la economia de cada ecuatoriano. Yo voy a restituir lo arrebatado al ciudadano.
Cynthia_Viteri,01/15/2017,180.0,125.0,Hoy llenamos calles de #SanGabriel y de #Tulcan porque habra #CambioPositivo con regimen especial para #Carchi. https://t.co/a0fKoNmGp5
Cynthia_Viteri,01/14/2017,242.0,120.0,Hoy suspendi visita a Milagromas de 20 personas murieron en accidenteentre ellos ninos.Lo siento tantoque Dios cubra a  madres y familias
Cynthia_Viteri,01/13/2017,406.0,171.0,Con mis hijas le doy gracias a Dios porque la vida en si misma es una bendicion. Bendito nuestro pais y su magica https://t.co/Mfx4fujaJr
Cynthia_Viteri,01/13/2017,140.0,144.0,Solo les pido un dia!....Un dia para cambiar para bien la historia de esta nacion!!! https://t.co/AIt46jTZXt
Cynthia_Viteri,01/13/2017,259.0,180.0,Subir salarios en crisis? Si porque reactivaremos la economia y mejoraremos calidad de vida. #CambioPositivo con https://t.co/jfwb98Jctc
Cynthia_Viteri,01/13/2017,97.0,102.0,#Manabi mi compromiso con los agricultores: Condonacion d deudas hasta $5000creditos rapidos y bajo interesreacti https://t.co/XLdqzOk6Ls
Cynthia_Viteri,01/13/2017,66.0,45.0,#Ecuador Buenos dias! Los invito a seguir mi entrevista en radio Eco 88.1FM desde El Carmen #Manabi. https://t.co/ABFHNTqqgP
Cynthia_Viteri,01/12/2017,80.0,68.0,Beneficiaremos directamente a mas de 150.000 flias.Pondremos a producir nuestro campo y reactivaremos la economia https://t.co/ZYRinuH1Ac
Cynthia_Viteri,01/12/2017,106.0,66.0,Seran condonadas tanto capital e interes de las deudas de pequenos y medianos agricultores hasta $5.000 ellos forman el 72% de la cartera.
Cynthia_Viteri,01/12/2017,414.0,488.0,Respuesta a Lenin Moreno: https://t.co/PjCugRma8A
Cynthia_Viteri,01/12/2017,71.0,105.0,#Manabi #Portoviejo en Radio Scandalo 103.7 FM Hoy dare a conocer un gran compromiso con los agricultores del pais https://t.co/IoJcxr88tD
Cynthia_Viteri,01/12/2017,121.0,140.0, Buen dia! Desde Manta empezamos recorrido en #Manabi. Gracias a los medios por su interes a nuestra propuesta por https://t.co/fzbox7V8Xq
Cynthia_Viteri,01/11/2017,109.0,78.0,En Hogar de Cristo me reuni con madres que anhelan vivienda para sus familias. Por ustedes y para ustedes es el Pla https://t.co/g17bzmQ8Cq
Cynthia_Viteri,01/11/2017,73.0,94.0,Juntos le devolveremos salud educacion empleo y vivienda a la gente a las familias pobres. El 19/02/17 cada uno https://t.co/LaovBHEm65
Cynthia_Viteri,01/11/2017,57.0,88.0,Defender el voto no es solo trabajo de @ControlEc2017 . Cada ecuatoriano libre estara haciendo respetar el cambio entre pobreza y bienestar.
Cynthia_Viteri,01/11/2017,332.0,155.0,Vamos a defender el voto de los ecuatorianos o el 19/02/17 cuidamos la voluntad popular o este pais se hunde como Venezuela.
Cynthia_Viteri,01/10/2017,200.0,122.0,Para este encuentro nos acompanaron los amigos de la prensa. Juntos conocimos la historia de Mayra y su madre! Todo https://t.co/vW2UlC2BAk
Cynthia_Viteri,01/10/2017,75.0,64.0,Agradezco invitacion de @FEUPE_EC a conversar sobre #CambioPositivo. Brindaremos herramientas para el emprendimient https://t.co/35hAgRVkX5
Cynthia_Viteri,01/10/2017,239.0,83.0,Mi Joaquin es una  bendicion que seas parte de mi vida. Gracias  por respetar mis decisiones y ser el mejor compan https://t.co/IKNb6gA6ZS
Cynthia_Viteri,01/10/2017,23.0,13.0,Sigue la transicion en vivo de nuestro encuentro con @FEUPE_EC #DialogoElectoral2017 JovenTuDecides2017 https://t.co/e2g1TfFaMF
Cynthia_Viteri,01/10/2017,33.0,40.0,Lo que queremos es lograr que el ecuatoriano pueda ganar mas por encima de la recuperacion del poder adquisitivo de su salario.
Cynthia_Viteri,01/10/2017,43.0,96.0,Somos el equipo que va a generar y recuperar el empleo que perdieron millones de ecuatorianos en esta decada.
Cynthia_Viteri,01/10/2017,23.0,77.0,Me complace presentar a  Ec. Margarita Andrade Ec. Diego Burneo Ec. Fabian Carrillo Ec. Gonzalo Maldonado equipo con resultados probados
Cynthia_Viteri,01/10/2017,30.0,87.0,Al aumentar el consumo las empresas venden mas y el Estado recauda mas. Nuestra formula es viable y probada.
Cynthia_Viteri,01/10/2017,24.0,76.0,Nuestra propuesta baja costos de produccion a empresas para generar demanda y liquidez aumenta con mejores salarios.
Cynthia_Viteri,01/10/2017,23.0,85.0,Ecuatorianos pierden empleo por altos costos de produccion en  empresas estas no venden reducen personal: un circulo que empobrece.
Cynthia_Viteri,01/10/2017,128.0,156.0,Es facil prometer empleos lo dificil es donde y como. La propuesta de #CambioPositivo parte de 800.000 empleos ese es su piso.
Cynthia_Viteri,01/10/2017,16.0,17.0,#EnVivo Anuncio importante junto a @MauricioPozoEC : https://t.co/huSGtjIgnq
Cynthia_Viteri,01/10/2017,34.0,17.0,. @mayritachiqui Mayra gracias por recibirme en tu hogar! Y un abrazo para tu mamita Miriam para Xavier y Pablo y un besote para tu bebe!
Cynthia_Viteri,01/09/2017,176.0,165.0,Sobre la declaracion de la Asamblea Nacional de Venezuela: https://t.co/F3lfeQGtLU
Cynthia_Viteri,01/09/2017,88.0,70.0,El #CambioPositivo es lleno de oportunidades para todos. Lo conversamos con jovenes de la PUCE - Q. Gracias por su https://t.co/wXZ5hJSwBt
Cynthia_Viteri,01/09/2017,156.0,113.0,Gracias por lo que estamos construyendo juntos! hermandad alegria esperanza! Se siente un ambiente positivo en c https://t.co/iiHMh8nHtg
Cynthia_Viteri,01/09/2017,60.0,124.0,Conoce nuestra propuesta de guarderias y horarios flexibles?? #CambioPositivo https://t.co/cnaQFlBGyv
Cynthia_Viteri,01/09/2017,174.0,170.0,Guarderias y horarios flexibles son un #CambioPositivo en vida a todas las madres que no duermen con la angustia de https://t.co/6KioO0EEz5
Cynthia_Viteri,01/09/2017,52.0,92.0,Libertad para contratar entre trabajador y empleador con respeto a garantias de ley: IESS decimos salario segun horas trabajadas.
Cynthia_Viteri,01/09/2017,44.0,170.0,Con esta propuesta miles de madres podran trabajar por horas bajo salario justo que ayude a sus familias.
Cynthia_Viteri,01/09/2017,28.0,169.0,Horarios flexibles de trabajo acordados con el empleador bajo beneficios de ley para adaptarse a la nueva dinamica social.
Cynthia_Viteri,01/09/2017,24.0,168.0,Cada uno de nuestros anuncios esta relacionado con aliviar el bolsillo de las familias ecuatorianas y generacion de empleo.
Cynthia_Viteri,01/09/2017,25.0,156.0,Tras 10 anos de derroche se hace dificil creer que el dinero que ingresa pueda distribuirse en estos proyectos.
Cynthia_Viteri,01/09/2017,20.0,74.0,Una causa del desempleo es el numero de horas que alguien quiere o puede trabajar y lo que la ley permite: ante esoflexibilidad.
Cynthia_Viteri,01/09/2017,15.0,161.0,Una reforma legal permitira a la gente escoger sus horas de trabajo y el tipo de contrato sujeto a todas las garantias de ley.
Cynthia_Viteri,01/09/2017,27.0,194.0,Guarderias atenderan a 200 mil ninos pobres del pais. Un #CambioPositivo que generara 50.000 empleos directos.
Cynthia_Viteri,01/09/2017,43.0,205.0,Cada plan social de #CambioPositivo parte de estudio tecnico. Con experiencia determinamos que el costo seria de alrededor de $10 mil.
Cynthia_Viteri,01/09/2017,27.0,75.0,Remodelaremos casas en zonas perifericas para adecuar estas guarderias.  5 personas se capacitaran y formaran parte del grupo de trabajo.
Cynthia_Viteri,01/09/2017,27.0,164.0,Aliviamos bolsillo a madres pobres podran trabajar fuera mientras su hijo esta bien cuidado. Combatimos desnutricion y generamos empleo.
Cynthia_Viteri,01/09/2017,16.0,163.0,Impulsaremos la creacion de 10 mil guarderias a nivel nacional en zonas populares. Atenderan a 200 mil ninos pobres del pais.
Cynthia_Viteri,01/09/2017,18.0,14.0,#ENVIVO Rueda de prensa junto a @MauricioPozoEC  en #Quito : https://t.co/gU60eWLLyD
Cynthia_Viteri,01/09/2017,46.0,141.0,Soy hija de campesino y mujer de campesino! Entiendo y siento las necesidades del campo.
Cynthia_Viteri,01/09/2017,45.0,110.0,De 16 u 80 anos todos somos necesarios en esta batalla! Este es un cambio del bueno con alma y sustento.
Cynthia_Viteri,01/09/2017,30.0,108.0,Romperemos esa tabla de las drogas que tanto dano hizo a los jovenes de este pais.
Cynthia_Viteri,01/09/2017,26.0,137.0,Los jovenes olvidense de ese examen del Senescyt!
Cynthia_Viteri,01/09/2017,21.0,128.0,La gente siente cuando un abrazo es sincero.
Cynthia_Viteri,01/09/2017,30.0,105.0,Cada decision que tome sera desde la vision del hogar de Uds no desde la arrogancia del poder o comodidad de un banco.
Cynthia_Viteri,01/09/2017,36.0,112.0,Seguimos en 1er lugar entre los candidatos de la oposicion.
Cynthia_Viteri,01/09/2017,35.0,107.0,Soy la unica mujer en la papeleta' es una verdad y un hecho que me enorgullece.
Cynthia_Viteri,01/09/2017,16.0,128.0,Credito a microempresarios esta casi al nivel del chulco 28%. El #CambioPositivo es credito barato a  cumplidos pagadores.
Cynthia_Viteri,01/09/2017,16.0,96.0,Cada propuesta mia va a generar empleo.
Cynthia_Viteri,01/09/2017,18.0,98.0,Bajar impuestos y costo de energia a empresas permitira subir salarios para reactivar la economia.
Cynthia_Viteri,01/09/2017,47.0,114.0,Yo voy a defender la dolarizacion!
Cynthia_Viteri,01/09/2017,32.0,95.0,El campesino debe quedarse tranquilo: voy a regularizar su terreno para que pueda acceder a credito.
Cynthia_Viteri,01/09/2017,45.0,128.0,Si se pudo hacer en #Guayaquil se podra hacer a nivel nacional! Todo lo que propongo esta probado.
Cynthia_Viteri,01/09/2017,56.0,109.0,El Plan NACIONAL de Vivienda Popular genera empleo y financia casas a 20 anos plazo con cuota mensual desde $150.
Cynthia_Viteri,01/09/2017,20.0,103.0,Un millon de personas retendran mas dinero en su bolsillo para destinarlo a comida ya pagamos por hidroelectricas al Estado.
Cynthia_Viteri,01/09/2017,74.0,136.0,La tarifa $0 es parte de un plan para aliviar la crisis economica entre los mas pobres.
Cynthia_Viteri,01/08/2017,153.0,144.0,Hoy visite el hogar de Mayra y su madre Mirian su historia es como la de todas las mujeres que protegen y luchan p https://t.co/zf0WxHLFsw
Cynthia_Viteri,01/07/2017,141.0,90.0,En #Bolivar 2 medidas para flias. pobres: $0 por energia electrica hasta 130kwh y casa a 20 anos plazo sin entrada https://t.co/yKGYYmrXDz
Cynthia_Viteri,01/07/2017,168.0,98.0,#Chimbo se anima con el #CambioPositivo. GRACIAS por recibirnos con tanto carino y alegria! https://t.co/eleSmTK7if
Cynthia_Viteri,01/07/2017,34.0,19.0,En vivo desde @RadioSonoritmo  (90.3 - 90.7 FM) #SanMiguel #Bolivar https://t.co/YzqbKjXITO
Cynthia_Viteri,01/07/2017,73.0,44.0,#Ecuador buenos dias! hoy desde la provincia de #Bolivar junto a @MauricioPozoec. Nuestro compromiso es sacar al pais de la crisis.
Cynthia_Viteri,01/07/2017,164.0,164.0,Nada ni nadie tiene derecho a frenar tus suenos ni tu futuro. Ten la conviccion: viene un #CambioPositivo para ti! https://t.co/CUuPmpTAWG
Cynthia_Viteri,01/07/2017,137.0,112.0,Me llevo carino rosas y certeza de que el #CambioPositivo mejorara la calidad de vida de nuestra gente en Ventanas https://t.co/jK6NEN2997
Cynthia_Viteri,01/06/2017,116.0,89.0,Los problemas del campo tienen el rostro de los agricultores. Para ellos menos impuestos bajo costo a la energia https://t.co/IeCAVbM21S
Cynthia_Viteri,01/06/2017,151.0,195.0,Haremos realidad el sueno de miles de ecuatorianos #MICASA es el #PlanNacionaldeVivienda.Sin entradacuotas desde $ https://t.co/C0JHWj8jn3
Cynthia_Viteri,01/06/2017,172.0,212.0,Tu progreso y el de tu familia debe ser impulsado no disminuido. Levantemos juntos un gobierno con alma. Ya toca https://t.co/cgsVwdz88H
Cynthia_Viteri,01/06/2017,70.0,40.0,Buenos dias #LosRios! Hoy llevamos nuestra propuesta de #CambioPositivo a Ventanas Puebloviejo San Juan Vinces y Babahoyo.
Cynthia_Viteri,01/05/2017,279.0,262.0,Quien va a votar por un hombre que representa la pobreza y amenaza con quitarnos la dolarizacion? https://t.co/38sj1QVpXE
Cynthia_Viteri,01/05/2017,176.0,196.0,Se imaginan lo que pasaria con las personas que han adquirido deudas en dolares si le ponen moneda propia? https://t.co/MluGrQnRDT
Cynthia_Viteri,01/05/2017,142.0,100.0,Lo reitero: en nuestro gobierno protegeremos la dolarizacion para proteger tu porvenir. https://t.co/aBFRmf7GfD
Cynthia_Viteri,01/05/2017,179.0,158.0,El momento de salvar al Ecuador es ahora. Tenemos que unirnos mas que nunca no seremos Venezuela! https://t.co/AwmURpw51r
Cynthia_Viteri,01/05/2017,125.0,131.0,Nunca mas nuestro salario se hara polvo en nuestras manos. No seremos Venezuela con moneda propia devaluada. https://t.co/X5EjCeDQ0Y
Cynthia_Viteri,01/05/2017,90.0,102.0,Familias pobres de #Tungurahua se beneficiaran de tarifa $0 en consumo de hasta 130kw/h. El #CambioPositivo enciend https://t.co/FzUFYWAToz
Cynthia_Viteri,01/05/2017,167.0,121.0,Entiendo tu historia porque la he vivido. Esas dificultades deberian ser derribadas. Hagamoslo juntos ya toca un https://t.co/ta9UK5punP
Cynthia_Viteri,01/05/2017,94.0,84.0,Su lucha por la verdad es pilar de la democracia. #DiaDelPeriodista https://t.co/K9EzK4kwOz
Cynthia_Viteri,01/05/2017,27.0,20.0,#EnVivo desde @RadioCentroAmb #Ambato 91.7FM https://t.co/o4SlguNhnM
Guillermo_Lasso,01/22/2017,169.0,117.0,Gracias Babahoyo!!! Masiva asistencia de simpatizantes que apoyan nuestra propuesta #1MillonDeEmpleos en 4 anos https://t.co/XosMkYralR
Guillermo_Lasso,01/22/2017,124.0,79.0,Cabalgata caravana y cambio por Mocache y Ventanas. Esta tarde ha sido una verdadera fiesta en Los Rios. El CAMBIO https://t.co/Y5zrwFW0IQ
Guillermo_Lasso,01/21/2017,101.0,74.0,Caminata en la ciudad de Buena Fe en la Provincia de Los Rios. Gracias por tanto carino y apoyo a nuestra propuest https://t.co/pP6yNle9Wy
Guillermo_Lasso,01/21/2017,69.0,52.0,Empezamos la jornada con una rueda de prensa junto a @andrespaezec en Quevedo Provincia de Los Rios https://t.co/JBiU4tT8D0
Guillermo_Lasso,01/21/2017,127.0,76.0,Terminamos la jornada de hoy viernes en una caminata en el sector Guasmo Sur en Guayaquil #VamosPorElCambio https://t.co/PA6AOdfNS7
Guillermo_Lasso,01/21/2017,78.0,45.0,Pero les hice la promesa no los vamos a defraudar. Ellos quieren un CAMBIO por su futuro por sus hijos y familia https://t.co/ImyNFt1Phw
Guillermo_Lasso,01/21/2017,115.0,110.0,Hoy por la tarde visitamos la familia Pilcorema que nos recibio amablemente en su hogar. Tres miembros de esta fami https://t.co/8J9D3Kp6wv
Guillermo_Lasso,01/20/2017,179.0,152.0,En nuestro Gobierno devolveremos los colegios militares y navales a las Fuerzas Armadas ecuatorianas. https://t.co/9nEteysiTj
Guillermo_Lasso,01/20/2017,142.0,123.0,Fortaleceremos la institucionalidad de las Fuerzas Armadas y en nuestro Gobierno el Ministro de Defensa sera un ofi https://t.co/CNCZyEclz6
Guillermo_Lasso,01/20/2017,72.0,61.0,Muchas gracias por las palabras del Coronel Milton Munoz al Contralmirante Allan Molestina y a su senora y al Co https://t.co/06SIbDDxo9
Guillermo_Lasso,01/20/2017,76.0,50.0,Empezamos el evento 'Acuerdo Nacional por la Familia Militar Ecuatoriana'. #VamosPorElCambio https://t.co/17jFgiViEe
Guillermo_Lasso,01/19/2017,286.0,236.0,Vamos a eliminar 14 impuestos para reactivar la economia del pais y generar #1MillonDeEmpleos en 4 anos de Gobierno https://t.co/6og9TUtyfK
Guillermo_Lasso,01/19/2017,165.0,109.0,Gracias por el carinoso recibimiento que tuvimos en las calles de Ibarra. En Ibarra tambien #VamosPorElCambio https://t.co/DCK4uCwNw0
Guillermo_Lasso,01/19/2017,153.0,140.0,Impulsaremos la Ley del Primer Emprendimiento para que los jovenes puedan capitalizar sus negocios. https://t.co/5pc5Bmzn4i
Guillermo_Lasso,01/19/2017,92.0,67.0,Empezamos la jornada con un conversatorio con alumnos de la Universidad de Otavalo. Muchas gracias por su recibimie https://t.co/ReZDWL618T
Guillermo_Lasso,01/18/2017,157.0,154.0,Ecuador necesita un CAMBIO. En politica en economia y en lo social. #CAMILOEcuador
Guillermo_Lasso,01/18/2017,393.0,356.0,Cerraremos la SENESCYT. Nos ahorraremos anualmente unos 40 millones y con eso incrementaremos el programa de becas. #CAMILOEcuador
Guillermo_Lasso,01/18/2017,297.0,305.0,Es comprensible que @Lenin no sepa como se crea un empleo porque nunca lo ha hecho. Yo tengo experiencia en el campo privado. #CAMILOEcuador
Guillermo_Lasso,01/18/2017,179.0,159.0,Actuaremos con madurez democratica sabiendo que una prensa libre es la mejor aliada de un Gobierno honesto. #CAMILOEcuador
Guillermo_Lasso,01/18/2017,237.0,217.0,Correa me menciona a mi porque sabe que somos la opcion del CAMBIO y que le vamos a ganar el proximo 19 de Febrero. #CAMILOEcuador
Guillermo_Lasso,01/18/2017,120.0,119.0,Se que la canasta basica esta en $690 por mes y el 62% de los ecuatorianos viven con ingresos menores a la canasta. #CAMILOEcuador
Guillermo_Lasso,01/18/2017,213.0,213.0,En las elecciones del 2017 se debaten el continuismo de Correa Moreno y Glas y el CAMBIO que representamos nosotr https://t.co/Q1xwJeSP1W
Guillermo_Lasso,01/18/2017,76.0,62.0,En pocos minutos estaremos EN VIVO en entrevista con @camilocnn por @CNNEE No se la pierdan! #VamosPorElCambio https://t.co/Y9TXfdIs0K
Guillermo_Lasso,01/17/2017,105.0,91.0,La entrevista en @CNNEE de hoy a las 21h00 pueden verla en los canales: 218 en TV Cable 105 en UNIVISA 704 en DirecTv 152-500 en ClaroTV
Guillermo_Lasso,01/17/2017,70.0,51.0,ESTA NOCHE a las 21h00 estaremos EN VIVO en una entrevista con @camilocnn por @CNNEE No se la pierdan! https://t.co/eFoApgCYJr
Guillermo_Lasso,01/17/2017,98.0,65.0,Esta noche estare en Miami para atender a las 21h00 una entrevista EN VIVO con @camilocnn en @CNNEE No se la pierdan! #VamosPorElCambio
Guillermo_Lasso,01/17/2017,45.0,27.0,En este momento en una entrevista singular en @radioelite9971. Hoy soy yo el entrevistador. Pueden escucharla en 99 https://t.co/RuymgVjcU9
Guillermo_Lasso,01/17/2017,171.0,138.0,Impulsaremos la entrada del Ecuador a la Alianza del Pacifico donde estan los paises que basan sus relaciones en comercio e inversion.
Guillermo_Lasso,01/17/2017,110.0,112.0,La dolarizacion la fortaleceremos con mas acuerdos de comercio. Mas Ecuador en el mundo y mas mundo en el Ecuador. @radiorumbagye
Guillermo_Lasso,01/17/2017,161.0,148.0,Necesitamos una prensa libre que actue sin la presion de ningun gobierno. El Ecuador necesita un bano de verdad. @desayunos24
Guillermo_Lasso,01/17/2017,191.0,150.0,En nuestro Gobierno la funcion judicial actuara de manera independiente y con todo el peso de la ley contra todos los corruptos.
Guillermo_Lasso,01/17/2017,140.0,121.0,Es urgente un CAMBIO en el Ecuador para lograr un manejo racional en la economia. Necesitamos generar EMPLEO para lograr prosperidad.
Guillermo_Lasso,01/17/2017,64.0,69.0,El desafio que nosotros tenemos es cambiar la tendencia de la economia para poder reestructurar la deuda ecuatoriana. @desayunos24
Guillermo_Lasso,01/17/2017,42.0,24.0,Buenos dias! Empezamos la entrevista en @desayunos24 en @teleamazonasec. No se la pierdan! https://t.co/gCfSojzc4w
Guillermo_Lasso,01/17/2017,618.0,851.0,Por que miente @Lenin ? Con mentiras como las de su jefe piensa dignificar la politica? https://t.co/x5fUtUQ6Kl
Guillermo_Lasso,01/16/2017,110.0,82.0,Estuvimos en AUTEC presentando nuestro plan #1MillonDeEmpleos En nuestro gobierno vamos a bajar los precios de los https://t.co/oBBnuso16X
Guillermo_Lasso,01/16/2017,52.0,32.0,Nuestro proyecto es amplio e incluyente. Los ecuatorianos estamos juntos en este proyecto politico @wayusapolitica https://t.co/5ALCajLDs8
Guillermo_Lasso,01/16/2017,87.0,56.0,Casa llena en la @FLACSOec ! Ya estamos aqui para este conversatorio con estudiantes y sociologos politicos https://t.co/XXjGFKENqf
Guillermo_Lasso,01/16/2017,160.0,108.0,Gracias por acompanarnos en esta masiva concentracion y por creer en nuestra propuesta #1MillonDeEmpleos https://t.co/kdeMBDpo22
Guillermo_Lasso,01/16/2017,157.0,127.0,El precio del cilindro de gas NO va a subir en nuestro gobierno. Vamos a eliminar el impuesto del 100% a la cocina https://t.co/ehYtxa2JuN
Guillermo_Lasso,01/16/2017,136.0,130.0,Vamos a eliminar 14 impuestos #VamosPorElCambio ?????? #1MillonDeEmpleos https://t.co/qLDffU0VY3
Guillermo_Lasso,01/16/2017,79.0,46.0,Aca he venido acompanado de Maria de Lourdes a un lugar donde venia de nino con mis padres #Quito #Calderon https://t.co/Vwz8PBqHmx
Guillermo_Lasso,01/16/2017,50.0,25.0,Ahora @maemontanov 'Desde esta ciudad hermosa #Quito donde se siente el sabor del CAMBIO les decimos que solo falta https://t.co/iNW1MIJfKk
Guillermo_Lasso,01/16/2017,66.0,45.0,Toma la palabra @diegosalgadorib 'Gracias a todos nos comprometemos a apoyar toda tu gestion y a tu propuesta https://t.co/bYUUDCauom
Guillermo_Lasso,01/16/2017,57.0,48.0,Toma la palabra @GuillermoCeli 'Los candidatos del CAMBIO estamos proponiendo #1MillonDeEmpleos en 4 anos y https://t.co/Bhjt5JcwrR
Guillermo_Lasso,01/16/2017,83.0,61.0,Masiva concurrencia en sector Calderon en #Quito luego de una pequena caminata ahora presentamos candidatos de parr https://t.co/7hvq4M1B8i
Guillermo_Lasso,01/16/2017,64.0,54.0,Arrancamos la caminata en sector Calderon en #Quito #VamosPorElCambio ?????? https://t.co/xccq1DvQRa
Guillermo_Lasso,01/16/2017,60.0,51.0,Hoy estaremos en #Quito realizando varias actividades #VamosPorElCambio ??????
Guillermo_Lasso,01/16/2017,139.0,81.0,Gracias a todos los partidarios de CREO en Europa por su apoyo en la gira por Italia. Hoy culmino en Roma https://t.co/tnaB5FcGld
Guillermo_Lasso,01/15/2017,124.0,89.0,Nuestra comunidad sigue creciendo! #VamosPorElCambio https://t.co/Bg067LN266
Guillermo_Lasso,01/15/2017,104.0,72.0,Luego estuvimos junto a @PaulOlsen1 en Salitre en un evento de apoyo a nuestra propuesta #1MillonDeEmpleos https://t.co/UXvm3vIuHD
Guillermo_Lasso,01/15/2017,117.0,70.0,Esta tarde estuvimos recorriendo Salitre para luego llevar a los candilejos nuestra propuesta de cambio y https://t.co/GF7AHuQYfL
Guillermo_Lasso,01/14/2017,100.0,63.0,Hoy durante una caravana de apoyo en #Salitre #VamosPorElCambio https://t.co/Cm5yYS9a3u
Guillermo_Lasso,01/14/2017,128.0,67.0,Hoy fuimos a almorzar al Paseo Shopping de Duran y recibimos muchisimas muestras de apoyo y carino. GRACIAS! https://t.co/gbenh4JT4R
Guillermo_Lasso,01/14/2017,97.0,70.0,Nuestra mas sentida nota de pesar para las familias afectadas en el terrible accidente #Yaguachi #Milagro
Guillermo_Lasso,01/14/2017,256.0,215.0,Todos quieren un CAMBIO!#1MillonDeEmpleos en 4 anos de gobierno es nuestra propuesta ayer en Azuay recibimos el a https://t.co/VjKZzGe0I1
Guillermo_Lasso,01/14/2017,145.0,105.0,Durante la caminata recibimos el apoyo masivo y carino de quienes quieren un CAMBIO en el Ecuador #VamosPorElCambio https://t.co/Vqu5OWWids
Guillermo_Lasso,01/14/2017,133.0,100.0,Para finalizar la jornada de hoy tuvimos en Guayaquil una masiva caminata en Cristo del Consuelo y Suburbio Oeste https://t.co/qnbPEWaH7K
Guillermo_Lasso,01/14/2017,88.0,58.0,Por la tarde nos reunimos con jovenes emprendedores escuchamos sus vivencias y presentamos nuestra propuesta https://t.co/CwmYCHnjoA
Guillermo_Lasso,01/14/2017,70.0,56.0,Esta manana en el Coliseo River Oeste de Guayaquil firmamos un acuerdo de gobernabilidad con Marcia Caicedo. https://t.co/OX5Agcazmo
Guillermo_Lasso,01/13/2017,235.0,163.0,Gran jornada esta tarde junto a @andrespaezec y la hospitalidad de @PaulCarrascoC y el pueblo cuencano! GRACIAS! https://t.co/aY0zfR7vc3
Guillermo_Lasso,01/12/2017,324.0,268.0,Acompanados de una multitud de simpatizantes realizamos una caminata por el centro historico de Cuenca https://t.co/29IJBO8GQF
Guillermo_Lasso,01/12/2017,309.0,369.0,El candidato @Lenin ha reconocido en su declaracion esta manana que nuestra propuesta #1MillonDeEmpleos en 4 anos https://t.co/VdXOjHqkT7
Guillermo_Lasso,01/12/2017,193.0,164.0,Interminable carvana! #VamosPorElCambio #Cuenca #Azogues https://t.co/YoD3plC82b
Guillermo_Lasso,01/12/2017,92.0,65.0,Arrancamos la caravana desde #Azogues #VamosPorElCambio https://t.co/bn5yHPQHjt
Guillermo_Lasso,01/12/2017,87.0,53.0,Llegamos a Cuenca y arrancamos junto a @andrespaezec y @PaulCarrascoC con rueda de prensa en nuestra sede https://t.co/jp1rAM1RUo
Guillermo_Lasso,01/12/2017,518.0,823.0,El engano del correismo quiere continuar con @Lenin https://t.co/QVVAakb6gO
Guillermo_Lasso,01/12/2017,70.0,55.0,En nuestro programa de gobierno hemos incluido fortalecer la educacion intercultural bilinge @UTEoficial @FEUPE_EC https://t.co/ebhpsCM1r1
Guillermo_Lasso,01/12/2017,56.0,44.0,Recibimos preguntas de estudiantes universitarios @UTEoficial @FEUPE_EC https://t.co/2SbCfIML3W
Guillermo_Lasso,01/12/2017,97.0,79.0,EMPLEO es oportunidad para que un padre lleve alimento eduque a sus hijos lleve salud a su familia @UTEoficial https://t.co/vjwUuhmqmZ
Guillermo_Lasso,01/12/2017,59.0,47.0,Gran convocatoria se estudiantes en la @UTEoficial gracias a la invitacion de la @FEUPE_EC (Federacion de Estudiant https://t.co/LIUKKxmL2m
Guillermo_Lasso,01/12/2017,42.0,30.0,En instantes arrancamos la jornada #DialogoElectoral2017 con estudiantes en la @UTEoficial @FEUPE_EC https://t.co/6gHUbidfOh
Guillermo_Lasso,01/11/2017,160.0,136.0,Vamos a devolver la autonomia a las Universidades. Que ustedes decidan no el gobierno. Vamos a cerrar la Senescyt @PUCE_Ecuador @Feuce_Q
Guillermo_Lasso,01/11/2017,72.0,69.0,Compromiso total con la cultura. Promoveremos el emprendimiento cultural y artistico en el Ecuador. Zona franca de https://t.co/MULC3sezZ3
Guillermo_Lasso,01/11/2017,54.0,46.0,La propuesta de crear #1MillonDeEmpleos apunta a las familias y a crear seguridad @PUCE_Ecuador @Feuce_Q https://t.co/gpvbdShBjE
Guillermo_Lasso,01/11/2017,97.0,61.0,En materia de justicia vamos a acudir a la ONU para que envie una mision para reestructurar la justicia en el Ecuad https://t.co/98CuNjl1x2
Guillermo_Lasso,01/11/2017,102.0,81.0,La propuesta Ley del primer emprendimiento consiste en constituir una empresa en 1 dia via internet y capitalizar t https://t.co/IGcf456NS4
Guillermo_Lasso,01/11/2017,70.0,58.0,Mas Ecuador en el mundo y mas mundo en el Ecuador. Necesitamos acuerdos de comercio para apertura de mercado https://t.co/C59q2kJEP6
Guillermo_Lasso,01/11/2017,55.0,37.0,Estamos en la @PUCE_Ecuador en un conversatorio con los estudiantes al que hemos sido invitados @Feuce_Q https://t.co/5pO8XHLBy3
Guillermo_Lasso,01/11/2017,153.0,120.0,Durante 46 anos de emprendimiento he generado mas de cien mil empleos #VamosPorElCambio https://t.co/hsUxV9Aj26
Guillermo_Lasso,01/11/2017,88.0,61.0,Estamos en Quito en el sector de #Chillogallo y en este momento arrancamos la caminata #VamosPorElCambio https://t.co/gpqv9U4ILj
Guillermo_Lasso,01/10/2017,128.0,94.0,Hoy en la tarde recorrimos la zona norte de Guayaquil. Llevamos el mensaje de esperanza #VamosPorElCambio https://t.co/nEuJ28TPYK
Guillermo_Lasso,01/10/2017,227.0,120.0,Lo invito a ver un video de la caminata de ayer en Bastion Popular y Sauces en #Guayaquil #VamosPorElCambio https://t.co/RnmydC9NIj
Guillermo_Lasso,01/10/2017,77.0,88.0,Responsabilidad frente al pueblo venezolano: https://t.co/hhdcMzNbrJ
Guillermo_Lasso,01/10/2017,162.0,165.0,Derogaremos Ley de Comunicacion. Nada bueno puede tener una ley que coarta la libertad de expresion de los ecuatorianos. #VamosPorElCambio
Guillermo_Lasso,01/10/2017,266.0,236.0,Vamos a cerrar la SENESCYT y con ese dinero que nos ahorraremos incrementaremos las becas para los estudiantes. #VamosPorElCambio
Guillermo_Lasso,01/10/2017,55.0,44.0,Sobre seguridad nuestra propuesta es fortalecer a la Policia Nacional con mas recurso humano tecnologia permane https://t.co/opufXpmv4G
Guillermo_Lasso,01/10/2017,78.0,72.0,En nuestro Gobierno se respetaran los derechos laborales. Queremos seguridad para las familias ecuatorianas. #VamosPorElCambio
Guillermo_Lasso,01/10/2017,81.0,61.0,Los ecuatorianos no quieren regalos quieren TRABAJO para darle una vida digna a sus familias. #VamosPorElCambio https://t.co/PXU2pTYHue
Guillermo_Lasso,01/10/2017,87.0,64.0,Proponemos #1MillonDeEmpleos en 4 anos de Gobierno eliminando 14 impuestos para que ese dinero quede en manos de l https://t.co/D2CEceQYHb
Guillermo_Lasso,01/10/2017,59.0,32.0,Estamos EN VIVO en @LosConfiables en @CanalUnoTv. No se pierdan la entrevista! #VamosPorElCambio https://t.co/NSlnHkOc0u
Guillermo_Lasso,01/10/2017,105.0,83.0,Vamos a fortalecer la dolarizacion. Para lograrlo necesitamos atraer inversion extranjera y firmar acuerdos de come https://t.co/v57Gf3cN7M
Guillermo_Lasso,01/10/2017,38.0,32.0,En este momento estamos en @forever925. Sintonicen 92.5 FM en #Guayaquil para escuchar la entrevista. https://t.co/cwMeJWkctQ
Guillermo_Lasso,01/10/2017,17.0,9.0, @carlomirandav Estimado Carlos de todas las empresas afectadas. No se le puede poner limite a los suenos de los ecuatorianos. Un abrazo!
Guillermo_Lasso,01/10/2017,98.0,127.0,Eliminaremos el techo a las utilidades en las telefonicas. No podemos permitir que se le ponga un techo a los sueno https://t.co/tpTwWkZGr3
Guillermo_Lasso,01/10/2017,63.0,62.0,Ecuador requiere un CAMBIO para generar #1MillonDeEmpleos. Para eso eliminaremos 14 impuestos. #VamosPorElCambio @radioatalaya680
Guillermo_Lasso,01/10/2017,14.0,13.0,Ahora estamos en @radioatalaya680. Sintonicen 680 AM en #Guayaquil. No se pierdan la entrevista!
Guillermo_Lasso,01/10/2017,40.0,28.0,Luego continue en @rcristal870AM. Capitalizaremos Ban Ecuador con 1.000 millones de dolares para otorgar credito po https://t.co/xOXCcbOJCI
Guillermo_Lasso,01/10/2017,43.0,42.0,Alianzas entre asociaciones de productores y empresas titulacion de tierras dotacion de secadoras a las asociaciones. #VamosPorElCambio
Guillermo_Lasso,01/10/2017,143.0,101.0,Credito a largo plazo con bajo interes asistencia tecnica de calidad comercializacion moderna a traves de la bolsa de productos.
Guillermo_Lasso,01/10/2017,63.0,57.0,En el Gobierno del CAMBIO al agro no se lo va a tratar como la ultima rueda del coche sino como el primer motor del https://t.co/k6OiYPoGiv
Guillermo_Lasso,01/10/2017,74.0,47.0,Muy buenos dias amigos. Hoy comenzamos a las 04:00am para atender entrevistas en programas especializados para agri https://t.co/9TRqS5uGF2
Guillermo_Lasso,01/10/2017,42.0,25.0,Los invito hoy via Facebook Live a nuestro programa semanal #YoPregunto a las 20h00. Espero sus preguntas!
Guillermo_Lasso,01/10/2017,106.0,76.0,Los candidatos del CAMBIO recorrimos esta tarde populares barrios de Guayaquil donde cada dia crecemos mas https://t.co/fzNZfMIHZ0
Guillermo_Lasso,01/09/2017,39.0,29.0,Continuamos nuestro recorrido en @Ecuantena 1030AM hablando de nuestra propuesta de #1MillonDeEmpleos https://t.co/57FX86ypg3
Guillermo_Lasso,01/09/2017,67.0,82.0, @MariaCorinaYA @leopoldolopez @hcapriles @JulioBorges @hramosallup @NTN24 @noticias24 @MiamiHerald @noticierovv https://t.co/vvM7rH1OUh
Guillermo_Lasso,01/09/2017,43.0,34.0,HOY a las 20h00 estare contestando sus preguntas #YoPregunto ?? https://t.co/BmKdDswmbB
Guillermo_Lasso,01/09/2017,328.0,171.0,Hoy por la manana tuvimos una multitudinaria caminata en Bastion Popular #VamosPorElCambio https://t.co/yq7GymxAsd
Guillermo_Lasso,01/09/2017,77.0,78.0,Al bajar impuestos se reactiva la economia y se genera empleo. Eso es lo que necesita el Ecuador. Por eso crearemo https://t.co/EW5vThbJMs
Guillermo_Lasso,01/09/2017,21.0,17.0,Ahora estamos en @Universal1270am. Sintonicen 1270 AM en #Guayaquil https://t.co/KPc8bLKIws
Guillermo_Lasso,01/09/2017,78.0,72.0,Necesitamos fortalecer a las instituciones democraticas para que nos ayuden en la lucha contra la corrupcion. #VamosPorElCambio
Guillermo_Lasso,01/09/2017,90.0,82.0,Vamos a preocuparnos del pequeno agricultor del pequeno ganadero. Vamos a tecnificar el campo. Nuestro Gobierno sera el Gobierno del campo.
Guillermo_Lasso,01/09/2017,78.0,97.0,Impulsaremos la 'Ley del Primer Emprendimiento'. Crearemos un fondo de $ 100 MM para capitalizar emprendimientos. https://t.co/vAQpFTtsyM
Guillermo_Lasso,01/09/2017,92.0,89.0,Para lograr #1MillonDeEmpleos hay que eliminar 14 impuestos para dejar alrededor de 3.000 millones de dolares en manos de los ecuatorianos.
Guillermo_Lasso,01/09/2017,69.0,69.0,La experiencia que tengo en la creacion de empleo ahora la pongo a disposicion de los ecuatorianos para crear #1MillonDeEmpleos
Guillermo_Lasso,01/09/2017,16.0,13.0,Ya estamos en los estudios de @WQRadio_EC. Sintonicen 102.1 FM para seguir la entrevista en #Guayaquil #VamosPorElCambio
Guillermo_Lasso,01/09/2017,70.0,42.0,Iniciamos la segunda semana de campana en Guayaquil. Lluvioso y fresco. Un abrazo para todos ustedes y sus familias https://t.co/pko2P85hKf
Guillermo_Lasso,01/07/2017,71.0,46.0,En #Riobamba y en todo #Chimborazo VOTA TODO 21-23 #VamosPorElCambio https://t.co/0ZafMt1cqE
Guillermo_Lasso,01/07/2017,157.0,138.0,Reactivaremos la agricultura con credito a largo plazo y bajo interes. El Gobierno del CAMBIO sera el Gobierno del https://t.co/CGJDDepKBj
Guillermo_Lasso,01/07/2017,157.0,106.0,Muchas gracias a Riobamba por este recibimiento. Vamos todos juntos por el CAMBIO. Vamos por #1MillonDeEmpleos https://t.co/y9gufBE5SC
Guillermo_Lasso,01/07/2017,102.0,83.0,Llevaremos a cabo un amplio programa de prevencion del uso de drogas para cuidar a nuestros ninos y jovenes. https://t.co/0CDTjet6NW
Guillermo_Lasso,01/07/2017,83.0,66.0,La provincia de Chimborazo es agricola ganadera y turistica. En nuestro Gobierno impulsaremos zonas francas de tur https://t.co/jJk6P4Hsud
Guillermo_Lasso,01/07/2017,72.0,52.0,Empezamos la jornada en #Riobamba con una rueda de prensa presentando nuestra propuesta de #1MillonDeEmpleos https://t.co/mLOXpDXiR3
Guillermo_Lasso,01/07/2017,138.0,111.0,El 19 de Febrero es el dia del CAMBIO en el Ecuador. Vamos juntos por #1MillonDeEmpleos. #VamosPorElCambio https://t.co/prDfdV7jiW
Guillermo_Lasso,01/07/2017,170.0,126.0,Muchas gracias a todos los que nos acompanaron en las calles de #Latacunga. Ustedes tienen el poder en sus manos.  https://t.co/AXbejsfHyf
Guillermo_Lasso,01/07/2017,79.0,50.0,?? Semana de lanzamiento de campana  por @LassoGuillermo https://t.co/BnkoKgpaEC
Guillermo_Lasso,01/06/2017,75.0,48.0,En Radio Nueva Sol de #Pujili. Vamos a eliminar a la Senescyt y ampliaremos el programa de becas a los estudiantes https://t.co/VmcXjwVKLu
Guillermo_Lasso,01/06/2017,129.0,88.0,En rueda de prensa en #Latacunga reiteramos nuestro compromiso de eliminar 14 impuestos para generar https://t.co/dJqZlLK0Tz
Guillermo_Lasso,01/06/2017,100.0,83.0,Pediremos a la ONU que envie una comision tecnica para hacer la revision integra de la justicia ecuatoriana. @democraciaec #VamosPorElCambio
Guillermo_Lasso,01/06/2017,66.0,63.0,Nosotros proponemos con absoluta claridad la defensa de la dolarizacion. #VamosPorElCambio  @democraciaec https://t.co/EW2b8U2CVm
Guillermo_Lasso,01/06/2017,27.0,24.0,Ahora estamos en entrevista en @democraciaec. Sintonicen 92.5 FM en #Quito. No se la pierdan! #VamosPorElCambio https://t.co/KvXPS77O1h
Guillermo_Lasso,01/06/2017,114.0,86.0,Los ecuatorianos no quieren regalos. Quieren oportunidades quieren un trabajo quieren emprender. Por eso vamos po https://t.co/YF4b1MXCT1
Guillermo_Lasso,01/06/2017,91.0,67.0,He creado mas de 100.000 empleos en el campo privado. Yo tengo experiencia en la creacion de empleo. #VamosPorElCambio
Guillermo_Lasso,01/06/2017,59.0,42.0,Nosotros somos la alternativa del CAMBIO. Proponemos facilitar la creacion de #1MillonDeEmpleos en 4 anos de Gobier https://t.co/ZItsgeS0V4
Guillermo_Lasso,01/06/2017,36.0,27.0,Empezamos la jornada en Quito! Estamos en Radio America. Sintonicen 104.5 FM en la capital. #VamosPorElCambio https://t.co/cc86CdVtil
Guillermo_Lasso,01/06/2017,231.0,187.0,Casa llena hoy en Quito! GRACIAS por tanto carino y apoyo! #VamosPorElCambio https://t.co/ludo5GJPHA
Guillermo_Lasso,01/06/2017,140.0,115.0,Derogaremos la Ley de Comunicacion para que surjan nuevos talentos y los que estan puedan desarrollar todo su pote https://t.co/VdAxuKR9yt
Guillermo_Lasso,01/06/2017,95.0,59.0,Hoy en la tarde en #Quito estuvimos en La Plaza Bienvenida en el norte de Quito luego tuve una entrevista muy entr https://t.co/lA0rvHmNAT
Guillermo_Lasso,01/05/2017,409.0,471.0,Propongo la creacion de #UnMillonDeEmpleos fortaleciendo el dolar y atrayendo inversion. https://t.co/qJlZzZshcJ
Guillermo_Lasso,01/05/2017,119.0,156.0,Vamos junto a @andrespaezec por el CAMBIO! #VamosPorElCambio https://t.co/cP1n9CnGU1
Guillermo_Lasso,01/05/2017,247.0,255.0,Pongamonos de pie para festejar el gran triunfo de la democracia el proximo 19 de febrero! Un abrazo para todos us https://t.co/gMWus3J9Ik
Guillermo_Lasso,01/05/2017,168.0,196.0,Aqui esta @andrespaezec @GuillermoCeli @FaustoCoboEC y todos los candidatos del CAMBIO con los que llevaremos a ca https://t.co/QcUuOzeTB3
Guillermo_Lasso,01/05/2017,155.0,196.0,Por eso el 19 de Febrero todo un pueblo votara por el CAMBIO por un pais libre un pais de esperanza! https://t.co/g9JxbFwiw3
Guillermo_Lasso,01/05/2017,118.0,176.0,Los ecuatorianos libres votamos por el CAMBIO en el 2017! #VamosPorElCambio https://t.co/YhRHUUhczp
Guillermo_Lasso,01/05/2017,163.0,180.0,El debate de las proximas elecciones es el 2 modelos el continuismo que ha creado desempleo o el CAMBIO que representamos uds y nosotros!
Guillermo_Lasso,01/05/2017,106.0,158.0,Arranca Guillermo con un Viva Quito! Viva el Ecuador! #VamosPorElCambio https://t.co/oMxbaNhJPj
Guillermo_Lasso,01/05/2017,63.0,153.0,Arrancamos el evento de lanzamiento de campana en #Quito #VamosPorElCambio https://t.co/xQufu5SSyq
Guillermo_Lasso,01/05/2017,218.0,228.0,Hoy empieza el CAMBIO! Muchas gracias a todos los que nos acompanaron en el lanzamiento de campana en Guayaquil. https://t.co/cLIugsASYZ
Guillermo_Lasso,01/05/2017,196.0,207.0,Un abrazo a los periodistas que luchan por la libertad. Un periodismo libre es el mejor aliado de un gobierno honesto. #DiaDelPeriodista
Guillermo_Lasso,01/04/2017,179.0,211.0,Ellos dicen #QuieroVerALasso Yo #QuieroVer un CAMBIO en el Ecuador. https://t.co/vQZ8RR1Xjq
Guillermo_Lasso,01/04/2017,208.0,263.0,Ellos dicen #QuieroVerALasso Yo #QuieroVer jovenes ecuatorianos decidiendo su carrera universitaria sin que el gobi https://t.co/ARjxQLdpBt
Guillermo_Lasso,01/04/2017,123.0,190.0,Yo #QuieroVer que los ecuatorianos tengan #1MillonDeEmpleos dignos https://t.co/q9MdaFRsDe
Guillermo_Lasso,01/04/2017,225.0,265.0,Recuperaremos la esperanza para las familias ecuatorianas. Hoy empieza el CAMBIO. Gracias a todos ustedes! https://t.co/qMQFEQ8WLN
Guillermo_Lasso,01/04/2017,190.0,244.0,La lista 21-23 defendera a la familia ecuatoriana. Por eso agradezco la compania de mi familia el dia de hoy. https://t.co/ZaYzWjDkCR
Guillermo_Lasso,01/04/2017,99.0,151.0,#VamosPorElCambio junto a todos los asambleistas de las listas 21-23. Vamos a crear #1MillonDeEmpleos https://t.co/49S3oDrZOH
Guillermo_Lasso,01/04/2017,152.0,209.0,#VamosPorElCambio para luchar contra la corrupcion fortaleciendo las instituciones democraticas en el Ecuador. https://t.co/0JqfdtytrZ
Guillermo_Lasso,01/04/2017,170.0,233.0,He creado mas de 100.000 empleos en el campo privado y ahora quiero ponerme al servicio de los ecuatorianos. Vamos https://t.co/fd4tSYwwrz
Guillermo_Lasso,01/04/2017,144.0,192.0,El pueblo ecuatoriano tiene el poder en sus manos para decirle NO al continuismo. #VamosPorElCambio https://t.co/3BCmSdZoMp
Lenin_Moreno,01/22/2017,55.0,211.0,Gracias por la invitacion #AmigosAlAire y a las 50 radios que retransmitieron en 19 provincias. Nos vemos la proxim https://t.co/IT58FPuXrV
Lenin_Moreno,01/22/2017,52.0,201.0,Manana de domingo con alegria anecdotas familiares musica romantica y del recuerdo y sobre todo con el carino de https://t.co/Ev2LtVd07V
Lenin_Moreno,01/22/2017,121.0,340.0,Ya estamos compartiendo en programa #AmigosAlAire de @RADIOAMERICAEC y retransmitida a nivel nacional. Siguela por https://t.co/RjpDnRhW2e
Lenin_Moreno,01/22/2017,287.0,505.0,Gracias a los 21.000 activistas que trabajan juntos por el cambio verdadero! https://t.co/BMUQO6uUkh
Lenin_Moreno,01/22/2017,183.0,400.0,Hoy nos reunimos en Quito con coordinadores y activistas voluntarios que suenan y construyen 'Un Pais Que Te Cuida' https://t.co/H30jHmZVtC
Lenin_Moreno,01/21/2017,466.0,671.0,Nuestro objetivo es desempleo cero y analfabetismo cero por eso vamos a gobernar con todos ustedes. Vamos a ser un https://t.co/wOdLUNtjsq
Lenin_Moreno,01/21/2017,295.0,524.0,Hay que empezar a hacer un trabajo casa a casa porque el triunfo debe ser contundente. Tenemos que ganar la Asamble https://t.co/n1qwKE6zGv
Lenin_Moreno,01/21/2017,239.0,439.0,Gracias a los diferentes colectivos y grupos por este momento. Ustedes son parte de este cambio verdadero. https://t.co/GH0K2MgmsR
Lenin_Moreno,01/21/2017,333.0,516.0,Gracias Rocio por tu apoyo y amor incondicional. https://t.co/yXb5fak8kG
Lenin_Moreno,01/20/2017,375.0,580.0,Tendran todo el apoyo de su gobierno para sacar adelante estas bellezas. No pueden permanecer guardadas. Impulsarem https://t.co/miBQ7TrbbP
Lenin_Moreno,01/20/2017,509.0,633.0,Es admirable la riqueza natural espiritual y turistica que tienen en Mangahurco. Su bosque de Guayacanes sera prom https://t.co/Qf2KGzAjov
Lenin_Moreno,01/20/2017,1254.0,1730.0,Juventud esperanza y compromiso es la fuerza para avanzar El futuro no espera es ahora! #LateUnNuevoEcuador https://t.co/6JCrcbeXTr
Lenin_Moreno,01/19/2017,550.0,755.0,Durante mi almuerzo con gestores culturales de Loja Raul Flores nos impresiono a todos con su gran talento. Gracia https://t.co/c4cpwnbnLE
Lenin_Moreno,01/19/2017,394.0,681.0,Vamos a apoyar sus emprendimientos con mas creditos y asi seran el principal generador de empleo. Tienen mi comprom https://t.co/IeJco9MFzX
Lenin_Moreno,01/19/2017,258.0,400.0,La creatividad la imaginacion la innovacion son puntos fundamentales para el emprendimiento. https://t.co/im2E1vtCWV
Lenin_Moreno,01/19/2017,260.0,507.0,El principio fundamental para un emprendimiento es pensar como las otras personas se van a beneficiar de estos. https://t.co/FwEuNLIPhm
Lenin_Moreno,01/19/2017,254.0,542.0,Hoy en @Prendho estuve conversando con jovenes emprendedores y empresarios. Es un orgullo saber que tenemos un gran https://t.co/EIWQggN95C
Lenin_Moreno,01/19/2017,536.0,830.0,Un abrazo muy grande a todos ustedes. Ganaremos en primera vuelta porque nunca le hemos fallado al pueblo. Gracias https://t.co/ucjPH3pV8Z
Lenin_Moreno,01/19/2017,352.0,603.0,Ciudad llena de cultura del sol brillante de arcoiris hermosos. Tenemos un potencial turistico extraordinario lo https://t.co/GlplTZKibb
Lenin_Moreno,01/19/2017,695.0,925.0,Loja querida ciudad amable y solidaria muchisimas gracias por todo lo que hicieron por la Mision Manuela Espejo. https://t.co/2yMEVNpvh8
Lenin_Moreno,01/18/2017,448.0,616.0,Ya estamos en Loja recorriendo sus calles llenas de belleza y cultura. Tendremos un encuentro con su gente en el Co https://t.co/Ey9Fr9wICd
Lenin_Moreno,01/18/2017,465.0,644.0,Estamos con ustedes y me comprometo a defender sin descanso los derechos de las trabajadoras remuneradas del hogar. https://t.co/DAo6LMY2uD
Lenin_Moreno,01/18/2017,287.0,473.0,Es mucho lo que hemos alcanzado pero todavia tenemos bastante por hacer. Este proceso se fortalecera porque lo vam https://t.co/VwlgnDiMSe
Lenin_Moreno,01/18/2017,294.0,465.0,Hoy hemos logrado un 50% de afiliacion para ellas. No nos contentemos con eso contentemonos cuando el 100% lo este. https://t.co/YxMFsgFWXp
Lenin_Moreno,01/18/2017,263.0,478.0,La fortaleza de las mujeres las ha empoderado a luchar incansablemente por sus derechos. Asi lo hicieron las trabaj https://t.co/Xuu0340r80
Lenin_Moreno,01/17/2017,235.0,423.0,Sigan nuestra reunion historica con mujeres que trabajan remuneradamente por el hogar: https://t.co/ihZXBvM1Bh  https://t.co/zUq1W6Lii0
Lenin_Moreno,01/17/2017,354.0,619.0,Brindaremos creditos para sus emprendimientos. Nos basaremos plenamente en sus ideas. #ElPaisQueTeImpulsa los respa https://t.co/A5q84AnyUt
Lenin_Moreno,01/17/2017,489.0,752.0,Jovenes su energia y ganas de devorar el futuro sera el motor principal de mi gobierno. Les aseguro que este futur https://t.co/SijpbsyrPz
Lenin_Moreno,01/17/2017,330.0,570.0,Posteriormente tuvimos un encuentro con jovenes representantes de diferentes universidades del pais. https://t.co/dVHO9T9rHF
Lenin_Moreno,01/17/2017,417.0,695.0,Hoy tuve una reunion historica con autoridades de 41 universidades del pais. Vamos por una educacion superior de ca https://t.co/EafgKQbdus
Lenin_Moreno,01/17/2017,521.0,770.0,Avanzaremos al futuro tomaremos lo que ya tenemos y lo haremos aun mas grande. Tenemos muchos suenos por alcanzar https://t.co/PgsdmTOKpv
Lenin_Moreno,01/17/2017,495.0,691.0,Mientras recorrimos algunos sectores de Guayaquil vi a jovenes padres y madres siendo parte de este cambio verdade https://t.co/30jpSK5hL0
Lenin_Moreno,01/16/2017,348.0,571.0,Tenemos un mundo para crecer. Perdamos el miedo a la competencia. Somos sin duda alguna el pais mas megadiverso d https://t.co/BwlvXrJz63
Lenin_Moreno,01/16/2017,337.0,545.0,Me reuni con el sector turistico del pais. Para promover el turismo es necesaria la creatividad la imaginacion y l https://t.co/kIDjNmVbfu
Lenin_Moreno,01/16/2017,723.0,934.0,Los primeros 1.000 dias son determinantes para el futuro de un nino. Propongo la #MisionTernura para cuidarlos aun https://t.co/Z7WAH6W2yL
Lenin_Moreno,01/15/2017,640.0,880.0,Tenemos el deber de trabajar unidos para aumentar el control y prevencion de drogas en colegios y escuelas Ese es https://t.co/JChVdjMrTd
Lenin_Moreno,01/15/2017,729.0,984.0,Un gobierno revolucionario no puede dejar absolutamente nada pendiente. Faltan tantos suenos por alcanzar. El futur https://t.co/wfAb2SfejT
Lenin_Moreno,01/15/2017,443.0,628.0,El mayor logro fue levantar el orgullo ecuatoriano. Ahora vamos juntos hacia ese cambio verdadero. 3/4 https://t.co/fnyc2Ppqmu
Lenin_Moreno,01/15/2017,522.0,749.0,Tu has sido testigo de que hemos vivido durante esta decada una leyenda de la que tu diras algun dia: 'Yo fui part https://t.co/DZpTFP2rCO
Lenin_Moreno,01/15/2017,743.0,916.0,Hoy celebramos 10 anos de cambios. Seria imposible decir todo lo que ha hecho este gobierno. 1/4 https://t.co/UuOFyGLMmM
Lenin_Moreno,01/15/2017,417.0,607.0,Recorrimos varios sectores del distrito 1 junto a @JorgeGlas y candidatos a asambleistas por @35PAIS. El futuro es https://t.co/pCGbPvY3SI
Lenin_Moreno,01/15/2017,730.0,942.0,La lluvia no detuvo nuestro recorrido ni la calidez de los guayaquilenos. Gracias por tan grata compania. 1/2 https://t.co/tXp7RVaLsE
Lenin_Moreno,01/14/2017,354.0,485.0,El pasado para nosotros no va a volver jamas nosotros vamos para adelante. Vamos por un pais que te acompana del b https://t.co/3VQyHATIO8
Lenin_Moreno,01/14/2017,448.0,574.0,Donde ellos pusieron miseria humana nosotros pusimos dignidad. Alli donde ellos pusieron pesadillas nosotros pusi https://t.co/4VOGL4s6p1
Lenin_Moreno,01/14/2017,351.0,492.0,Hemos hecho camino al andar hemos reinstitucionalizado el pais. Donde ellos pusieron ignorancia nosotros pusimos https://t.co/5IT6KjpCMP
Lenin_Moreno,01/14/2017,367.0,438.0,Que alegria senti al recorrer Tumbaco. La lluvia no detuvo nuestro camino y logramos encontrarnos con nuestra gente https://t.co/TaeKJbLus4
Lenin_Moreno,01/13/2017,479.0,634.0,El cambio ahora es desarrollar mas urbanizaciones con servicios basicos y reducir al minimo el deficit de vivienda. https://t.co/7w1r9g9zQR
Lenin_Moreno,01/13/2017,475.0,698.0,El cambio que se viene es la revolucion agroindustrial: Mas creditos incentivos y maquinaria. Ese es https://t.co/EZeHPhluHF
Lenin_Moreno,01/13/2017,448.0,564.0,El cambio con vision de futuro es poner a disposicion todos los recursos para hacer del turismo un pilar de la econ https://t.co/hEYsZYfSRK
Lenin_Moreno,01/13/2017,461.0,877.0,El cambio que ofrecemos es potenciar nuestra infraestructura promoviendo la inversion nacional y extranjera. https://t.co/zI1BDzzf0l
Lenin_Moreno,01/13/2017,420.0,739.0,El cambio que hace falta es ampliar el acceso y construir nuevas universidades tecnicas. #ElCambioVerdadero es cont https://t.co/pyZPCq5a0n
Lenin_Moreno,01/13/2017,506.0,854.0,El cambio que necesitamos es mejorar la calidad y la calidez y garantizar un acceso mas oportuno a la atencion medi https://t.co/QPYAh2H1H0
Lenin_Moreno,01/13/2017,322.0,594.0,Hoy estuve en Comite del Pueblo un barrio lleno de gente espontanea y emprendedora. Hemos avanzado mucho y lo hemo https://t.co/KWAmNG83zC
Lenin_Moreno,01/13/2017,598.0,962.0,No se dejen enganar por lo que dicen. Aqui estamos para servirles acompanarlos e impulsarlos. Juntos avanzaremos. https://t.co/z6qPfEziJu
Lenin_Moreno,01/13/2017,391.0,622.0,A elaborar emprendimientos jovenes queridos. No pensemos siempre en ser empleados. No tengan miedo a fracasar. 4/5 https://t.co/LN1wEoysWy
Lenin_Moreno,01/13/2017,375.0,610.0,Otorgaremos creditos para sus emprendimientos y ampliaremos becas. La innovacion y tecnologia seran nuestra fortale https://t.co/NaRdvHI193
Lenin_Moreno,01/13/2017,307.0,548.0,El programa Impulso Joven preve crear 250.000 empleos en primer ano. La juventud tendra una plaza de trabajo digna https://t.co/WmlA57Svt7
Lenin_Moreno,01/13/2017,241.0,493.0,Hoy tuvimos dialogo con jovenes de @FEUPE_EC. Los jovenes son una pieza fundamental de #ElPaisQueTeImpulsa. Trabaja https://t.co/zFpAJL3Iqk
Lenin_Moreno,01/12/2017,354.0,698.0,Hoy mantendre un dialogo con jovenes estudiantes que integran la @FEUPE_EC. Alli conversaremos sobre #ElPaisQueTeImpulsa a crecer.
Lenin_Moreno,01/11/2017,1201.0,1577.0,Yo respeto a quienes piensan diferente los respeto y los escucho. Avanzar y nunca retroceder ese es https://t.co/JO1WBMhqqb
Lenin_Moreno,01/11/2017,457.0,817.0,Uno de los grandes objetivos es tener desnutricion cero. Sus hijos estaran protegidos siempre. Seremos un pais que https://t.co/ZWkhT6p2Nz
Lenin_Moreno,01/11/2017,372.0,730.0,Esta iniciativa cuidara integralmente a las mujeres embarazadas y a sus hijos  a traves de atencion medica y progra https://t.co/XIa5z4Kg7A
Lenin_Moreno,01/11/2017,320.0,621.0,Rocio y yo mantuvimos una reunion con futuras madres del Ecuador y presentamos #MisionTernura. 1/3 https://t.co/HOnn2mID6e
Lenin_Moreno,01/11/2017,409.0,641.0,Lo vamos a hacer juntos ustedes y su presidente. Voy a ser el servidor de ustedes. 3/3 https://t.co/JdINLZrXHL
Lenin_Moreno,01/11/2017,505.0,668.0,Tenemos que ganar con contundencia. Que no les quede duda de que es el pueblo el que manda. 2/3 https://t.co/gWmYEqyYEb
Lenin_Moreno,01/11/2017,532.0,621.0,Me comprometo a emprender una transformacion en el sector agrario y por eso crearemos la mejor universidad agricola https://t.co/MR6Mgdo7br
Lenin_Moreno,01/10/2017,443.0,815.0,Vamos por un pais que cuide a los ciudadanos. Ya no tendran que salir para estudiar tendremos la mejor universidad https://t.co/RC0djXnJ8y
Lenin_Moreno,01/10/2017,336.0,735.0,Ampliaremos creditos y fondos de garantia para fortalecer sector productivo. Apoyaremos a los emprendedores jovenes https://t.co/RvPz4Gda5F
Lenin_Moreno,01/10/2017,313.0,631.0,El cacao ecuatoriano uno de los emblemas del pais es ganador de premios y lider en mercado mundial. Esto es lo qu https://t.co/cBDTIM9Hac
Lenin_Moreno,01/10/2017,274.0,668.0,Conoci su planta y me reuni con empresarios y trabajadores para reafirmar el apoyo que tendran en este nuevo gobier https://t.co/SZLZ9lxTWT
Lenin_Moreno,01/10/2017,319.0,641.0,Que orgullo ver como familia Cedeno impulso su negocio y ser primeros en obtener permiso de uso de Denominacion de https://t.co/ZLqZAgWDj5
Lenin_Moreno,01/10/2017,358.0,693.0,y por la tarde junto a @JorgeGlas compartiremos un momento con la ciudadania en el Recinto Dr A. Torres. 3/3
Lenin_Moreno,01/10/2017,548.0,554.0,Visitareun claro ejemplo de emprendimiento de economia popular y solidaria 2/3
Lenin_Moreno,01/10/2017,399.0,602.0,Hoy estare en Santo Domingo de los Tsachilas tierra de productores y emprendedores campesinos y trabajadores. 1/3
Lenin_Moreno,01/08/2017,2814.0,3596.0,La unidad nos hara avanzar aun mas! El futuro no se detiene #ElFuturoEsAhora https://t.co/KM7qUsTj0E
Lenin_Moreno,01/08/2017,519.0,651.0,En Cayambe tierra de bellos paisajes convertiremos al turismo en el puntal de nuestra economia. Les invito a que https://t.co/wGdQPXa9ZB
Lenin_Moreno,01/08/2017,1355.0,781.0,La economia popular y solidaria sera consolidada con facilidades de credito que otorgaremos para impulsar produccio https://t.co/Pg9zrWQ1di
Lenin_Moreno,01/08/2017,570.0,806.0,No permitiremos que el futuro de nuestros jovenes se detenga por el consumo de drogas. Lucharemos sin cansancio con https://t.co/hkuCpPC1j9
Lenin_Moreno,01/08/2017,456.0,587.0,Todos los jovenes podran estudiar garantizaremos educacion de calidad. Nuestro desafio es construir juntos ese Ecu https://t.co/FTHMzgJ4x7
Lenin_Moreno,01/08/2017,380.0,583.0,Vengo recorriendo Cayambe y siento que renovados vientos de libertad y justicia soplan por toda la patria. Soy admi https://t.co/Sx2ydEPYX0
Lenin_Moreno,01/07/2017,531.0,733.0,Hoy tendremos un encuentro con este 'Pueblo altivo muy noble y muy grande' como dice su Himno. Cayambe gracias p https://t.co/EGNJ1gb07w
Lenin_Moreno,01/07/2017,365.0,571.0,Gracias Pichincha con ustedes #ElFuturoNoSeDetiene 4/4 https://t.co/d2hD9Oxcg7
Lenin_Moreno,01/07/2017,738.0,917.0,Yo no quiero ser presidente para satisfacer la vanidad. Quiero ser presidente para servir La mision es con ustedes https://t.co/OvkyvmQG06
Lenin_Moreno,01/07/2017,456.0,531.0,Construiremos un pais que te cuide toda la vida un pais que te impulse. 2/4 https://t.co/y3x4cHb0qk
Lenin_Moreno,01/07/2017,282.0,384.0,Hoy en la Plaza de la Republica pude presenciar el gran apoyo hacia los candidatos a asambleistas por https://t.co/JkHJJlUQlR
Lenin_Moreno,01/06/2017,364.0,485.0,Hoy tendremos el lanzamiento de campana de nuestros candidatos a asambleistas por @PichinchaPAIS. https://t.co/K7ZM6FdKEc
Lenin_Moreno,01/06/2017,384.0,710.0,Mostro su apoyo en impulsar la agroindustria y el turismo para incrementar el empleo y potenciar el desarrollo econ https://t.co/3POOMInyww
Lenin_Moreno,01/06/2017,437.0,715.0,Me reuni con Ha-Joon Chang uno de los economistas mas influyentes del mundo. Conversamos sobre opciones que fortaleceran al Ecuador. 1/2
Lenin_Moreno,01/06/2017,464.0,910.0,Gracias querida gente de Latacunga por su respaldo absoluto aun cuando tuvimos lluvia Gracias por compartir hasta https://t.co/io7mUWLeOW
Lenin_Moreno,01/06/2017,595.0,927.0,Nunca les falle y nunca les fallare lo volveremos a hacer con amor compromiso y dedicacion. 3/3 https://t.co/ohy0ZnxLVm
Lenin_Moreno,01/06/2017,437.0,774.0,Hoy la mision es todo el Ecuador los viejecitos ninos mujeres embarazadas. La mision ahora eres tu. 2/3 https://t.co/VImOOc0INA
Lenin_Moreno,01/06/2017,311.0,679.0,Hace 10 anos en Latacunga iniciamos la Mision Manuela Espejo. 1/3 https://t.co/ViTsxLNgQo
Lenin_Moreno,01/06/2017,605.0,841.0,Por fin entendieron los medios y la oposicion que este ya no es un pais de debates y confrontaciones. Este sera un https://t.co/p1vtsxyHvR
Lenin_Moreno,01/06/2017,500.0,864.0,La campana sucia manifiesta que yo voy a eliminar la dolarizacion. La vamos a mantener. Con mentiras no van a ganar. https://t.co/PWLXPNqXA4
Lenin_Moreno,01/05/2017,596.0,734.0,No se puede venir a Latacunga porque uno regresa enamorado. Mi corazon siempre estara aqui. Nos vemos pronto. https://t.co/JhfYmlacXM
Lenin_Moreno,01/05/2017,284.0,382.0,Hoy en la Plaza Santo Domingo tendremos un encuentro con la gente linda de Cotopaxi. Vamos todos por ese pais que t https://t.co/owXIZRnqv0
Lenin_Moreno,01/05/2017,242.0,404.0,Siempre que vengo a Latacunga me quedo admirado de su belleza. Coloquen mas flores y veran que sera aun mas hermosa https://t.co/sZ9pAr4is6
Lenin_Moreno,01/05/2017,257.0,423.0,Lo he dicho antes y reafirmo mi compromiso en inyectar mas inversion al turismo para generar mas ingresos en el Ecuador del futuro 3/4
Lenin_Moreno,01/05/2017,223.0,385.0,Tambien recalque la importancia de reverdecer a nuestro Ecuador y potenciar la educacion y demas servicios para la gente del campo 2/4
Lenin_Moreno,01/05/2017,258.0,431.0,En medios de Cotopaxi insisti en que debemos reducir el anticipo del Impuesto a la Renta para asi generar mas empleo juvenil 1/4
Lenin_Moreno,01/05/2017,513.0,742.0,Ustedes me conocen aqui inicio la Mision Manuela Espejo. Fue su apoyo el que logro que continuemos A Latacunga y https://t.co/f56cD5rC2w
Lenin_Moreno,01/05/2017,358.0,634.0,De esas bienvenidas que alegran el corazon. Gracias Latacunga. https://t.co/1YvdLCZS3J
Lenin_Moreno,01/05/2017,437.0,734.0,Gracias por la calida bienvenida de la gente del Mercado Chiriyacu. Soy hombre de palabra les aseguro que lograremo https://t.co/8Gb4acO9pF
Lenin_Moreno,01/05/2017,492.0,733.0,Felicito a quienes hacen la importante labor de ser periodistas. Con su trabajo responsable fortalecemos la democra https://t.co/mYiMqUid5e
Lenin_Moreno,01/05/2017,216.0,452.0,Hoy conversaremos sobre todo lo que lograra impulsar ese Ecuador que te cuida. https://t.co/zlAYZgMd9z
Lenin_Moreno,01/04/2017,570.0,867.0,Comparti grandes anecdotas en el Mercado Chiriyacu junto al carino de sus comerciantes y emprendedores. Gracias por https://t.co/KwlvlVcK7c
Lenin_Moreno,01/04/2017,684.0,865.0,Mi mas sentido pesame @JorgeGlas y a tu esposa Cinthia por el fallecimiento de su padre Ricardo Diaz. Que la union familiar sea su fortaleza
Lenin_Moreno,01/04/2017,476.0,849.0,Hoy en entrevista con @desayunos24 y @radioquitoec reafirme mi propuesta de dignificar la politica. Avancemos hacia https://t.co/rhrKsnj3Aw
Lenin_Moreno,01/03/2017,518.0,788.0,La mision continua ahora en todo el Ecuador. Vamos por un Ecuador que cuida los derechos desde el mas pequeno. (4/4 https://t.co/B3FbzibZIW
Lenin_Moreno,01/03/2017,385.0,684.0,Con ello lograremos erradicar la desnutricion infantil y violencia e incrementar la cobertura de servicios para la https://t.co/MH6br5W5QJ
Lenin_Moreno,01/03/2017,528.0,810.0,El cambio que propongo es atender a ninos y ninas en sus primeros 1.000 dias promoviendo su desarrollo integral en https://t.co/aOIVu2fI8J
Lenin_Moreno,01/03/2017,417.0,634.0,En la Maternidad Isidro Ayora presente la propuesta 'Mision Ternura todo nino amado y cuidado! 1.000 dias para co https://t.co/I3t53pAXIO
Lenin_Moreno,01/03/2017,467.0,737.0,Juntos construiremos una sociedad que los valore y los respete. Juntos construiremos un pais que nos cuide. (3/3) https://t.co/fJCglxEWeI
Lenin_Moreno,01/03/2017,344.0,662.0,Promoveremos mayor inclusion social mejoraremos sus condiciones de vida duplicaremos pension jubilar y ampliaremo https://t.co/CPNLqElVSb
Lenin_Moreno,01/03/2017,444.0,658.0,Hoy en el Albergue San Juan de Dios anuncie mi compromiso con los adultos mayores y expuse el Programa 'Mis Mejores https://t.co/KKqakL6NKm
Lenin_Moreno,01/03/2017,561.0,967.0,Hoy mas que nunca #ElFuturoNoSeDetiene Vamos por ese Ecuador que te cuida que te impulsa y que te protege. https://t.co/VGnHV4YDSf
Lenin_Moreno,12/31/2016,446.0,766.0,Gracias al sector productivo de Azuay por su apoyo. Lo haremos juntos dialogando y trabajando en conjunto por el https://t.co/mwpIrGfXpZ
Lenin_Moreno,12/30/2016,566.0,729.0,Muchas gracias por su enorme carino jovenes del Azuay Su futuro no se detiene! https://t.co/SKnsG3CCIK
Lenin_Moreno,12/30/2016,323.0,593.0,Nuestra cultura y diversidad estan bien representadas por el trabajo de artesanos del Ecuador. Vamos a fomentar su https://t.co/BK8Jb1dKon
Lenin_Moreno,12/30/2016,987.0,1380.0,Hagamos del 2017 nuestro mejor ano porque el futuro es ahora y contigo Vamos por un futuro que no se detiene! https://t.co/OU0ZDbw7Kd
Lenin_Moreno,12/30/2016,670.0,916.0,Hoy fue un gran dia en Cuenca. Quiero decirles que dejo mi corazon aqui con  todos los cuencanos hasta siempre. https://t.co/y20pgiGWp8
Lenin_Moreno,12/29/2016,407.0,709.0,Tambien visite a la gente emprendedora del Mercado 10 de Agosto. Su amabilidad y hospitalidad hacen de esta ciudad https://t.co/rdBcc4tlsU
Lenin_Moreno,12/29/2016,386.0,675.0,Recorrimos las calles de Cuenca acompanados de una gran caravana que lleno de alegria cada rincon de esta hermosa c https://t.co/MIZakURXyI
Lenin_Moreno,12/29/2016,404.0,792.0,Hoy estare en Cuenca recorrere sus calles compartire con su gente y el sector productivo. Conversaremos sobre lo que se viene en el 2017.
Lenin_Moreno,12/28/2016,1281.0,2162.0,Superaremos las dificultades y seguiremos alcanzando suenos. Seamos todos protagonistas de este futuro que no se de https://t.co/jtmUJXlupd
Lenin_Moreno,12/28/2016,563.0,940.0,Recorrer el Malecon de Salinas rodeado de la alegria y calidez de su gente hicieron de este un gran dia. https://t.co/EWDqPrSXiR
Lenin_Moreno,12/27/2016,669.0,785.0,Hoy en la Isla Santay tuve la oportunidad de compartir el carino de la gente de Guayaquil. https://t.co/u4zjjEYORn
Lenin_Moreno,12/25/2016,579.0,679.0,La Navidad es mas gratificante cuando se la comparte con los demas. Feliz Noche Buena. https://t.co/uqXEQZqPbz
Lenin_Moreno,12/25/2016,411.0,559.0,Es tiempo de union y progreso. Gracias al Colectivo @HumanistasEC por su apoyo. Sigamos escuchando a cada ecuatoria https://t.co/1GoxcDg2Ko
Lenin_Moreno,12/24/2016,474.0,610.0,Ayer vivi un hermoso momento navideno con familias del programa Socio Vivienda I. Mantengamos siempre ese espiritu https://t.co/UVHnqgbH8K
Lenin_Moreno,12/23/2016,605.0,879.0,El cambio que todos queremos es maximizar tu potencial a traves de mas becas para dar el salto definitivo al desarr https://t.co/dWnUDqBQTw
Lenin_Moreno,12/23/2016,561.0,845.0,El cambio que hoy se necesita es mejorar la atencion de servicios publicos que ahora son modernos eficientes y dig https://t.co/rS3GXkdtd7
Lenin_Moreno,12/23/2016,421.0,688.0,El cambio responsable es seguir fortaleciendo y equipando instituciones de justicia y seguridad para garantizar la https://t.co/T27yS6RNHP
Lenin_Moreno,12/23/2016,640.0,870.0,El cambio necesario es utilizar la energia limpia y sustentable para que la industria le saque todo el provecho. https://t.co/9KQg9QEnfR
Lenin_Moreno,12/23/2016,1296.0,1589.0,Seamos ese abrazo reconfortante esa palabra alentadora y sobre todo ese corazon solidario que abrigue la esperanz https://t.co/1lTkpEgIoR
Lenin_Moreno,12/23/2016,499.0,814.0,Vivi un momento muy ameno con muchos guayaquilenos. Debemos promover la paz y solidaridad en esta Navidad. https://t.co/VBQn8Kjd2r
Lenin_Moreno,12/23/2016,259.0,430.0,Los medicos cumplen una actividad muy sacrificada y de gran responsabilidad. Con un dialogo permanente lograremos r https://t.co/WxaTo5e1bu
Lenin_Moreno,12/22/2016,543.0,851.0,El cambio para quienes han mejorado su vida es seguir creciendo seguir avanzando y convertirse en emprendedores. https://t.co/WabI1Jyc8R
Lenin_Moreno,12/22/2016,304.0,525.0,El mayor generador de empleo por excelencia es el sector privado Hay que hacer un gran acuerdo por la inversion y https://t.co/XyodRTwQom
Lenin_Moreno,12/22/2016,445.0,687.0,Me reunire hoy en Guayaquil con sector productivo del pais Juntos impulsaremos el cambio verdadero!
Lenin_Moreno,12/22/2016,596.0,1068.0,El cambio que necesitamos es garantizar un acceso mas oportuno a la atencion medica El cambio verdadero es avanzar https://t.co/461HAzLnpC
Lenin_Moreno,12/21/2016,674.0,1242.0,El cambio que hace falta es ampliar el acceso y construir universidades tecnicas para que muchos mas puedan prepara https://t.co/YUHewd7AkT
Lenin_Moreno,12/21/2016,335.0,591.0,Mantuve encuentro en Tena con Colectivo @EcuadorPorLenin. Debemos seguir escuchando a los ecuatorianos y avanzar E https://t.co/d4AxYNWWWw
Lenin_Moreno,12/21/2016,1741.0,2602.0,Vamos a construir un futuro juntos para alcanzar nuevos suenos El cambio verdadero es contigo! #ElFuturoNoSeDetiene https://t.co/C2YnNTsbtT
Lenin_Moreno,12/21/2016,852.0,1149.0,No saben lo gratificante que es volver a la tierra amada. Gracias pueblo amazonico por el gran recibimiento. Nada p https://t.co/wn6ek7eLdJ
Lenin_Moreno,12/20/2016,1049.0,1562.0,El cambio verdadero es avanzar tomar lo que construimos y convertirlo en algo aun mas grande. #ElFuturoNoSeDetiene https://t.co/gzf6Cz3PcB
Lenin_Moreno,12/20/2016,734.0,1135.0,Tuve un gran encuentro con tuiteros de corazon y espiritu revolucionario Gracias por esta tarde llena de emocion https://t.co/oo86692Mdp
Lenin_Moreno,12/19/2016,431.0,652.0,Los jovenes nos demuestran que lo tenemos todo para innovar! Voy a seguir apoyando la generacion de conocimiento. https://t.co/bEm5dPYKFn
Lenin_Moreno,12/19/2016,304.0,423.0,Hoy me reuni con los emprendedores de SAIS 3D para conocer detalles del proyecto ganador @HandEyes1 son un orgullo https://t.co/m3WowUiU2W
Lenin_Moreno,12/19/2016,559.0,853.0,Estoy con ustedes pueblo de Esmeraldas y con la familia de la fallecida. Mantengamos la calma y nunca perdamos la fe.
Lenin_Moreno,12/19/2016,834.0,1194.0,Nunca acudamos a la violencia para defender nuestras posiciones. El dialogo siempre es el mejor camino Somos un pa https://t.co/YgvVNb376w
Lenin_Moreno,12/18/2016,507.0,732.0,Hoy disfrute de la alegria y la solidaridad de la Navidad en Monte Sinai  La mision continua en todo el pais! https://t.co/9fQgNGzVkB
Lenin_Moreno,12/18/2016,1555.0,1914.0,Nadie abandona su tierra amada por voluntad propia. No los hemos olvidado me comprometo a consolidar planes para u https://t.co/CyOOb9iEB7
Lenin_Moreno,12/17/2016,615.0,733.0,Todavia hay patria por construir todavia hay pobreza que erradicar todavia hay maestros por emplear todavia hay https://t.co/ztMMWNx6NV
Lenin_Moreno,12/17/2016,404.0,530.0,La innovacion y el conocimiento no fueran posibles sin el esfuerzo de los maestros Vamos por una revolucion educat https://t.co/lMUHDu19Xp
Lenin_Moreno,12/17/2016,482.0,593.0,El maestro tiene una gran responsabilidad: Desarrollar un futuro solido y preparado para nuestras proximas generaci https://t.co/k6kH0TV06z
Lenin_Moreno,12/16/2016,500.0,546.0,Gracias a todos los moradores del barrio La Ronda por tanto carino. Son un orgullo para el pais. https://t.co/2Pv3pquQiY
Lenin_Moreno,12/16/2016,569.0,643.0,Visitar el barrio La Ronda me traslado a esa infancia en donde se jugaba al trompo con los amigos Sigamos rescatan https://t.co/fFixXZK4ha
